faculty_name,faculty_lastname,faculty_firstname,title,authors,journal,year,pmid,url
"Tai-Seale, PhD, MPH",Tai-Seale,,Telehealth Emergency Department Transition-of-care Program: A Value-based Innovation.,"Allyson Kreshak, Itzik Fadlon, Karna Malaviya, et al.",The western journal of emergency medicine,2025,41193006,https://pubmed.ncbi.nlm.nih.gov/41193006/
"Tai-Seale, PhD, MPH",Tai-Seale,,OUTPACE: Outcomes of urinary incontinence treatment in primary care - APP co-management and electronic consult.,"C Pangelina, J Bergman, T Cheng, et al.",Contemporary clinical trials,2025,40268237,https://pubmed.ncbi.nlm.nih.gov/40268237/
"Tai-Seale, PhD, MPH",Tai-Seale,,Factors Influencing Primary Care Physicians' Intent to Refer Patients With Hypertension to a Digital Remote Blood Pressure Monitoring Program: Mixed Methods Study.,"Jennifer J Wu, Ross Graham, Julie Çelebi, et al.",Journal of medical Internet research,2025,40126550,https://pubmed.ncbi.nlm.nih.gov/40126550/
"Tai-Seale, PhD, MPH",Tai-Seale,,Leveraging diagnosis and biometric data from the All of Us Research Program to uncover disparities in obesity diagnosis.,"Alina Arseniev-Koehler, Ming Tai-Seale, Crystal W Cené, et al.",Obesity pillars,2025,40028616,https://pubmed.ncbi.nlm.nih.gov/40028616/
"Tai-Seale, PhD, MPH",Tai-Seale,,Learning health system research as a catalyst for promoting physician wellness: EHR InBasket Spring cleaning and team-based compassion practice.,"Ming Tai-Seale, Amanda Walker, Yuwei Cheng, et al.",Learning health systems,2025,39822924,https://pubmed.ncbi.nlm.nih.gov/39822924/
"Wu, Jennifer, MD",Wu,Jennifer,The Role of PI3K Inhibition in Suppressing Pancreatic Cancer Progression: Mechanistic Insights From Copanlisib Studies.,"Li Yu, Jiayao Wu, Shijie Wan, et al.",Archiv der Pharmazie,2025,41251088,https://pubmed.ncbi.nlm.nih.gov/41251088/
"Wu, Jennifer, MD",Wu,Jennifer,Multimodality vascular imaging in sequential treatment for giant coronary artery aneurysms with coronary-pulmonary artery fistulas.,"Peng Liu, Jie Wu, Ming Liu",European heart journal,2025,41251080,https://pubmed.ncbi.nlm.nih.gov/41251080/
"Wu, Jennifer, MD",Wu,Jennifer,Characterization of Biofilm Wrinkles Based on the Composite Bilayer Model.,"Yifan He, Xiaolei Cao, Jin Wu, et al.",Journal of basic microbiology,2025,41250896,https://pubmed.ncbi.nlm.nih.gov/41250896/
"Wu, Jennifer, MD",Wu,Jennifer,Retraction: Galactose-based polymer-containing phenylboronic acid as carriers for insulin delivery (Zhong,"Yunhua Zhong, Bo Song, Dan He, et al.",Nanotechnology,2025,41250844,https://pubmed.ncbi.nlm.nih.gov/41250844/
"Wu, Jennifer, MD",Wu,Jennifer,Structured reflective reasoning for precise medical knowledge graph retrieval augmented generation.,"Beilun Wang, Jiayi Wu, Yutian Shi, et al.",Health information science and systems,2025,41250680,https://pubmed.ncbi.nlm.nih.gov/41250680/
"Wu, Jennifer, MD",Wu,Jennifer,"Extracellular Matrix-Guided Hierarchical Assembly of Self-Powered Patches for Stress Relaxing, Wireless Monitoring, and Accelerated Healing of Pressure Ulcers.","Rui Tang, Ya-Jun Fu, Chenchen Liu, et al.",ACS nano,2025,41250657,https://pubmed.ncbi.nlm.nih.gov/41250657/
"Wu, Jennifer, MD",Wu,Jennifer,Parametric instability in discrete models of spatiotemporally modulated materials.,"Jiuda Wu, Behrooz Yousefzadeh",Physical review. E,2025,41250313,https://pubmed.ncbi.nlm.nih.gov/41250313/
"Wu, Jennifer, MD",Wu,Jennifer,Double-stranded DNA deaminase DddA,"Yuqiang Qian, Fengjiao Hui, Wenchao Niu, et al.",Genome biology,2025,41250247,https://pubmed.ncbi.nlm.nih.gov/41250247/
"Wu, Jennifer, MD",Wu,Jennifer,"Pathophysiological mechanisms, diagnostic innovations, and multimodal therapeutic strategies for slow transit constipation.","Xuesong Tang, Yiman Huang, Tao Jiang, et al.",BMC gastroenterology,2025,41249937,https://pubmed.ncbi.nlm.nih.gov/41249937/
"Wu, Jennifer, MD",Wu,Jennifer,A multi-omics landscape of programmed cell death in acetaminophen-induced acute kidney injury.,"Jianxin Zheng, Peng Lai, Jiaheng Wu, et al.",Renal failure,2025,41249093,https://pubmed.ncbi.nlm.nih.gov/41249093/
"Wu, Jennifer, MD",Wu,Jennifer,Soybean glycinin and β-conglycinin disrupted the interaction bwteen mitochondria and endoplasmic reticulum in porcine intestinal epithelial cells through oxidative stress cascades.,"Lei Wang, Chenlong Wang, Hongyan Ding, et al.",Developmental and comparative immunology,2025,41248871,https://pubmed.ncbi.nlm.nih.gov/41248871/
"Wu, Jennifer, MD",Wu,Jennifer,Urinary metabolomic biomarkers for diagnosing central precocious puberty and revealing sexual dimorphism.,"Lingling Wen, Sheng Wu, Jingxia Wu, et al.",The Journal of steroid biochemistry and molecular biology,2025,41248833,https://pubmed.ncbi.nlm.nih.gov/41248833/
"Wu, Jennifer, MD",Wu,Jennifer,Investigating the Role of Spatial Perception in Literal and Metaphorical Language Comprehension.,"Xu Liu, Jianshe Wu",NeuroImage,2025,41248774,https://pubmed.ncbi.nlm.nih.gov/41248774/
"Wu, Jennifer, MD",Wu,Jennifer,Prior Treatment Clarity and Safety Imperatives in Pediatric Alopecia Areata Combination Therapy.,"Zheying Huang, Jiwei Wu",Journal of the American Academy of Dermatology,2025,41248773,https://pubmed.ncbi.nlm.nih.gov/41248773/
"Wu, Jennifer, MD",Wu,Jennifer,Effect of the ,"Peder Af Geijerstam, Emir Johansson, Siri Fägerstam, et al.",BMJ open,2025,41248424,https://pubmed.ncbi.nlm.nih.gov/41248424/
"Wu, Jennifer, MD",Wu,Jennifer,Decoding Multidrug Resistance Mechanism in ,"Kaixin Gu, Qingzhu Teng, Ying Yang, et al.",Journal of agricultural and food chemistry,2025,41248333,https://pubmed.ncbi.nlm.nih.gov/41248333/
"Wu, Jennifer, MD",Wu,Jennifer,KAN-GLNet: An enhanced PointNet++ model for canola silique segmentation and counting.,"Jiajun Liu, Bei Zhou, Jie Liu, et al.",PloS one,2025,41248190,https://pubmed.ncbi.nlm.nih.gov/41248190/
"Wu, Jennifer, MD",Wu,Jennifer,Long COVID and symptom persistence in post-discharge omicron patients: Insights into C-reactive protein.,"Jiankang Wu, Naishu Xie, Weiwei Meng, et al.",Chronic illness,2025,41248018,https://pubmed.ncbi.nlm.nih.gov/41248018/
"Wu, Jennifer, MD",Wu,Jennifer,Global insights and trends in to laparoscopic donor hepatectomy: a bibliometric analysis.,"Yilizhati Azhati, Alimujiang Mamuti, Jing Wu, et al.","International journal of surgery (London, England)",2025,41247918,https://pubmed.ncbi.nlm.nih.gov/41247918/
"Wu, Jennifer, MD",Wu,Jennifer,Shared Mechanisms and Integrated Management of Post-Stroke Pain and Depression: A Comprehensive Review.,"Yujia Jin, Fan Wu, Meng Jin, et al.",Pain and therapy,2025,41247667,https://pubmed.ncbi.nlm.nih.gov/41247667/
"Wu, Jennifer, MD",Wu,Jennifer,Enhanced Microplastic Burial in China's Coastal Blue Carbon Ecosystems: Drivers and Potential Roles in Climate Change Mitigation.,"Yuzhou Huang, Marianne Holmer, Caicai Xu, et al.",Environmental science & technology,2025,41247285,https://pubmed.ncbi.nlm.nih.gov/41247285/
"Wu, Jennifer, MD",Wu,Jennifer,Variation in the efficiency of English general practices and associated factors: A cross-sectional study of 5069 general practices.,"Augustine Onwunduba, Jianhua Wu, Helena Painter, et al.",The European journal of general practice,2025,41247001,https://pubmed.ncbi.nlm.nih.gov/41247001/
"Wu, Jennifer, MD",Wu,Jennifer,The association of the plasma iron and neuron-specific enolase combination and the 28-day neurological outcome after cardiopulmonary resuscitation: a prospective study of iron metabolism disturbances.,"Yi Jiang, Jianyong Wu, Ying Liu, et al.",World journal of emergency medicine,2025,41246532,https://pubmed.ncbi.nlm.nih.gov/41246532/
"Wu, Jennifer, MD",Wu,Jennifer,Lactylation-related gene ,"Zichen Shao, Qinqin Deng, Ling Cheng, et al.",Frontiers in immunology,2025,41246341,https://pubmed.ncbi.nlm.nih.gov/41246341/
"Wu, Jennifer, MD",Wu,Jennifer,"The dual immunomodulatory role of B cells in tumorigenesis: mechanisms, microenvironment crosstalk, and therapeutic implications.","Zhuangwei Lv, Ruohao Yang, Kai Zhang, et al.",Frontiers in immunology,2025,41246318,https://pubmed.ncbi.nlm.nih.gov/41246318/
"Wu, Jennifer, MD",Wu,Jennifer,Impact of perceived environmental legacy on residents' pro-environmental behaviors in large-scale sport events: a moderation analysis of authenticity.,"Jiexin Chen, Ji Wu, Yigang Wu",Frontiers in sports and active living,2025,41245644,https://pubmed.ncbi.nlm.nih.gov/41245644/
"Wu, Jennifer, MD",Wu,Jennifer,"A WRKY transcription factor, ","Na Chen, Lingzeng Lv, Lian Duan, et al.",Frontiers in plant science,2025,41245455,https://pubmed.ncbi.nlm.nih.gov/41245455/
"Wu, Jennifer, MD",Wu,Jennifer,Unlocking the potential of artificial intelligence in improving learning achievement in blended learning: a meta-analysis.,"Jiajun Wu, Ahmed Tlili, Soheil Salha, et al.",Frontiers in psychology,2025,41245344,https://pubmed.ncbi.nlm.nih.gov/41245344/
"Wu, Jennifer, MD",Wu,Jennifer,Brain connectivity moderated the effects of cognitive intraindividual variability on mobility in cognitively frail older adults.,"Jingyi Wu, Jinyu Chen, Juncen Wu, et al.",Frontiers in aging neuroscience,2025,41245136,https://pubmed.ncbi.nlm.nih.gov/41245136/
"Wu, Jennifer, MD",Wu,Jennifer,Engineering heterologous core promoters to optimize the SES expression system for ,"Bo Sun, Yu Tan, Nitesh Kumar Mund, et al.",Synthetic and systems biotechnology,2026,41245009,https://pubmed.ncbi.nlm.nih.gov/41245009/
"Wu, Jennifer, MD",Wu,Jennifer,1-stearoyl-2-arachidonoyl-driven B Cell metabolic dysregulation in chronic rhinosinusitis with nasal polyps: insights from Mendelian randomization and single-cell RNA sequencing.,"Jian Wu, Yifang Sun, Shuyue Wang, et al.",Frontiers in pharmacology,2025,41244838,https://pubmed.ncbi.nlm.nih.gov/41244838/
"Wu, Jennifer, MD",Wu,Jennifer,A comparative analysis of hysterectomy outcomes: robotic single-port vs. traditional transvaginal NOTES approaches.,"Qiannan Yang, Daniel Y Lovell, Juliana Wu, et al.",Frontiers in medicine,2025,41244775,https://pubmed.ncbi.nlm.nih.gov/41244775/
"Wu, Jennifer, MD",Wu,Jennifer,An exploratory study of urinary proteome in trigeminal neuralgia.,"Lilong Wei, Haitong Wang, Yun Zhou, et al.",Frontiers in molecular biosciences,2025,41244708,https://pubmed.ncbi.nlm.nih.gov/41244708/
"Wu, Jennifer, MD",Wu,Jennifer,Developing an approach for evaluating the cardiotoxic potential of botanicals.,"Julie Krzykwa, Hemantkumar S Chaudhari, Andre Monteiro Da Rocha, et al.",Frontiers in toxicology,2025,41244630,https://pubmed.ncbi.nlm.nih.gov/41244630/
"Wu, Jennifer, MD",Wu,Jennifer,"Mechanism, Application, and Prospect of Fracturing-Flooding Technology: A Review.","Haixiang Zhang, Meng Fan, Jiawei Wu, et al.",ACS omega,2025,41244422,https://pubmed.ncbi.nlm.nih.gov/41244422/
"Wu, Jennifer, MD",Wu,Jennifer,Construction and validation of a Cox regression-based nomogram model for predicting recurrence risk in early endometrial cancer.,"Yuan Hao, Yufen Jiang, Juan Wu, et al.",American journal of cancer research,2025,41244130,https://pubmed.ncbi.nlm.nih.gov/41244130/
"Wu, Jennifer, MD",Wu,Jennifer,Application value of bone metabolism and immune cell indicators in screening for tumor bone metastasis: a retrospective study.,"Chengru Hu, Jun Chen, Jing Zhu, et al.",American journal of cancer research,2025,41244111,https://pubmed.ncbi.nlm.nih.gov/41244111/
"Wu, Jennifer, MD",Wu,Jennifer,SMARCA4/BRG1-deficient NSCLC: a case report and literature review.,"He Zhang, Xiong-Wen Tu, Yu-Qing Wei, et al.",JPMA. The Journal of the Pakistan Medical Association,2025,41243917,https://pubmed.ncbi.nlm.nih.gov/41243917/
"Wu, Jennifer, MD",Wu,Jennifer,The Predictive Value of Hemoglobin-to-Red Blood Cell Distribution Width Ratio for the Prognosis of Patients with Aortic Dissection: Based on the Medical Information Mart for Intensive Care-IV Database.,"Jianqiang Wu, Zhengli Zou",Anatolian journal of cardiology,2025,41243884,https://pubmed.ncbi.nlm.nih.gov/41243884/
"Wu, Jennifer, MD",Wu,Jennifer,Genome-Wide Association Study Identifies Candidate Genes of Boar Semen Quality Traits.,"Yue Feng, Xinyue Chen, Yu Zhang, et al.",Reproduction in domestic animals = Zuchthygiene,2025,41243861,https://pubmed.ncbi.nlm.nih.gov/41243861/
"Wu, Jennifer, MD",Wu,Jennifer,First-Order Phase Transformation in Highly Concentrated Electrolyte for High-Rate and Long-Cycle Aqueous Zn-Ion Battery.,"Xiuling Shi, Yuchuan Sun, Bin Cao, et al.",Angewandte Chemie (International ed. in English),2025,41243682,https://pubmed.ncbi.nlm.nih.gov/41243682/
"Wu, Jennifer, MD",Wu,Jennifer,Optically Driven Eutectogel Pyroelectric for Efficient Deformable Photodetectors.,"Zhengdong Liu, Jicai Wu, Yang Zeng, et al.","Advanced materials (Deerfield Beach, Fla.)",2025,41243591,https://pubmed.ncbi.nlm.nih.gov/41243591/
"Wu, Jennifer, MD",Wu,Jennifer,Bond-Discretization in Nickel Oxide to Boost Capacity for Rechargeable Nickel─Zinc Batteries.,"Shangze Fan, Pingyun Si, Chuanqi Cheng, et al.","Advanced materials (Deerfield Beach, Fla.)",2025,41243563,https://pubmed.ncbi.nlm.nih.gov/41243563/
"Wu, Jennifer, MD",Wu,Jennifer,Tetraspanin SfCD9 as a Key Membrane Binding Factor of SRBSDV P10 Facilitates Viral Entry Into Sogatella furcifera Midgut Epithelial Cells via Clathrin-Mediated Endocytosis.,"Shibo Gao, Liyan Li, Ming Zeng, et al.",Molecular plant pathology,2025,41243408,https://pubmed.ncbi.nlm.nih.gov/41243408/
"Wu, Jennifer, MD",Wu,Jennifer,RADA16 and SAAP148 Peptide-Modified Collagen Self-Assembled Hydrogels for Accelerated Healing of Infected Wounds.,"Qian Liu, Jiawei Wu, Ho-Pan Bei, et al.","Advanced science (Weinheim, Baden-Wurttemberg, Germany)",2025,41243276,https://pubmed.ncbi.nlm.nih.gov/41243276/
"Wu, Jennifer, MD",Wu,Jennifer,High-Performance Quasi-Solid-State Calcium-Ion Batteries from Redox-Active Covalent Organic Framework Electrolytes.,"Zhuoyu Yin, Jixin Wu, Ye Tian, et al.","Advanced science (Weinheim, Baden-Wurttemberg, Germany)",2025,41243225,https://pubmed.ncbi.nlm.nih.gov/41243225/
"Wu, Jennifer, MD",Wu,Jennifer,Big data analytics of antibiotic toxicity and inhibition in anammox systems: A review.,"Xinxin Xu, Meng Zhang, Junwei Wu, et al.",Bioresource technology,2025,41242558,https://pubmed.ncbi.nlm.nih.gov/41242558/
"Wu, Jennifer, MD",Wu,Jennifer,Molecularly imprinted ratiometric fluorescent sensor based on dual-emission carbon dots for selective detection of tetracycline.,"Jun Wu, Hao Du, Yihan Qian, et al.","Spectrochimica acta. Part A, Molecular and biomolecular spectroscopy",2025,41242123,https://pubmed.ncbi.nlm.nih.gov/41242123/
"Wu, Jennifer, MD",Wu,Jennifer,In-situ NIR spectroscopy study on microgravity-induced articular cartilage degeneration with ResNet-18.,"Qingxia Wu, Xinyi Ji, Jinjin Wu, et al.","Spectrochimica acta. Part A, Molecular and biomolecular spectroscopy",2025,41242109,https://pubmed.ncbi.nlm.nih.gov/41242109/
"Wu, Jennifer, MD",Wu,Jennifer,Bisphenol S disrupts human sertoli cell function through NR1H3 degradation: Mechanistic insights from integrated bulk and single-cell transcriptomics.,"Zhongwen Lu, Peng Xue, Daoyuan Lu, et al.",Ecotoxicology and environmental safety,2025,41241997,https://pubmed.ncbi.nlm.nih.gov/41241997/
"Wu, Jennifer, MD",Wu,Jennifer,The effect of infertility-related stress on fertility-related quality of life in reproductive-age married women with endometriosis: the mediating role of family resilience.,"Guifang Bai, Fang Fang, Jiaqi Wu, et al.","Psychology, health & medicine",2025,41241960,https://pubmed.ncbi.nlm.nih.gov/41241960/
"Wu, Jennifer, MD",Wu,Jennifer,Single-cell transcriptomic analysis reveals T cell heterogeneity and metabolic reprogramming in human immune-mediated glomerulonephritis.,"Jianbo Qing, Yiting Zhao, Wisit Cheungpasitporn, et al.",Autoimmunity,2025,41241792,https://pubmed.ncbi.nlm.nih.gov/41241792/
"Wu, Jennifer, MD",Wu,Jennifer,Transcriptional Activation of NaNAC72 Suppresses Nicotine Biosynthesis in DNA Methyltransferase NaDRM2-like2 Mutants of Nicotiana attenuata.,"Ahui Tong, Rongping Li, Xueju Cha, et al.",Plant biotechnology journal,2025,41241788,https://pubmed.ncbi.nlm.nih.gov/41241788/
"Wu, Jennifer, MD",Wu,Jennifer,Proteomic and metabolomic profiling of plasma reveals physiologic changes in patients with convalescent COVID-19.,"Lei Wang, Ying Zhang, Lixin Bao, et al.",Metabolomics : Official journal of the Metabolomic Society,2025,41241689,https://pubmed.ncbi.nlm.nih.gov/41241689/
"Wu, Jennifer, MD",Wu,Jennifer,Global assessment of atherosclerotic cardiovascular disease quality of care index in adults aged ≥60 years.,"Ben Hu, Jiaxin Li, Huimin Su, et al.","Nutrition, metabolism, and cardiovascular diseases : NMCD",2025,41241629,https://pubmed.ncbi.nlm.nih.gov/41241629/
"Wu, Jennifer, MD",Wu,Jennifer,Molecular enrichment integrated with soft voting for efficient SERS detection of multiple drugs.,"Min Zhao, Xuanhua Yan, Jitao Sun, et al.",Analytica chimica acta,2025,41241498,https://pubmed.ncbi.nlm.nih.gov/41241498/
"Wu, Jennifer, MD",Wu,Jennifer,MicroRNA-3473b regulates corticosterone-induced microglial polarization and inflammation through TREM2.,"Jingjing Shi, Caina Ma, Yuexi Liu, et al.",Journal of pharmacological sciences,2025,41241431,https://pubmed.ncbi.nlm.nih.gov/41241431/
"Wu, Jennifer, MD",Wu,Jennifer,Oral delivery of Silybin via HA-DOCA-functionalized zein nanocolloids for amelioration of liver fibrosis.,"Lin Wen, Jijiao Wu, Yuxin Zhao, et al.",International journal of biological macromolecules,2025,41241356,https://pubmed.ncbi.nlm.nih.gov/41241356/
"Wu, Jennifer, MD",Wu,Jennifer,The impact of acacetin on proguanil metabolism: An in vitro and in vivo study.,"Haoxin Fu, Shiqi Jiang, Peiqi Wang, et al.",Biochemical pharmacology,2025,41241020,https://pubmed.ncbi.nlm.nih.gov/41241020/
"Wu, Jennifer, MD",Wu,Jennifer,Development of an UPLC-MS/MS method for quantification of donafenib and its metabolite in rat plasma: application to drug-drug interaction.,"Yuxin Shen, Ruibin Li, Lu Cao, et al.",Biochemical pharmacology,2025,41241015,https://pubmed.ncbi.nlm.nih.gov/41241015/
"Wu, Jennifer, MD",Wu,Jennifer,Global prevalence of hypertension among children and adolescents aged 19 years or younger: an updated systematic review and meta-analysis.,"Jiali Zhou, Shiyi Shan, Jing Wu, et al.",The Lancet. Child & adolescent health,2025,41240955,https://pubmed.ncbi.nlm.nih.gov/41240955/
"Wu, Jennifer, MD",Wu,Jennifer,External energy supply extends the refrigerated shelf life of silver carp muscle.,"Wenqing Zhai, Jingjing Wu, Renyue Zhang, et al.",Food chemistry,2025,41240865,https://pubmed.ncbi.nlm.nih.gov/41240865/
"Wu, Jennifer, MD",Wu,Jennifer,Accelerated adhesion of immobilized Saccharomyces cerevisiae on electrophilic interface modified by co-deposition of dopamine and chitosan.,"Jinming Zhang, Jihang Zhang, Lewei Hou, et al.","Colloids and surfaces. B, Biointerfaces",2025,41240708,https://pubmed.ncbi.nlm.nih.gov/41240708/
"Wu, Jennifer, MD",Wu,Jennifer,Effect of high-lipid environment on human gingival fibroblast on titanium surface: An in-vitro study.,"Shuyi Tan, Maoquan Li, Zhiqiang Liu, et al.",Archives of oral biology,2025,41240684,https://pubmed.ncbi.nlm.nih.gov/41240684/
"Wu, Jennifer, MD",Wu,Jennifer,Hydrodynamic and leaching efficiency comparison of horizontal and vertical well Systems in Uranium in-Situ Leaching.,"Yong Chang, Yixuan Ren, Genmao Zhou, et al.",Journal of contaminant hydrology,2025,41240608,https://pubmed.ncbi.nlm.nih.gov/41240608/
"Wu, Jennifer, MD",Wu,Jennifer,Effects of the Total Flavonoids from Drynaria on Methyltransferase METTL3 and the Coupling of Osteogenesis and Angiogenesis in a Bone Defect Rat Model.,"Jie Wu, Jingqi Zeng, Ruizhe Wu, et al.",Current molecular medicine,2025,41239929,https://pubmed.ncbi.nlm.nih.gov/41239929/
"Wu, Jennifer, MD",Wu,Jennifer,Genetic causal association between metabolic syndrome and idiopathic pulmonary fibrosis: A 2-sample Mendelian randomization.,"Qing Liu, Qin Luo, Wei Chen, et al.",Medicine,2025,41239700,https://pubmed.ncbi.nlm.nih.gov/41239700/
"Wu, Jennifer, MD",Wu,Jennifer,The correlation between traditional Chinese medicine constitutions and chronic kidney disease-associated pruritus among hemodialysis patients in Macau.,"Yao-Chen Chuang, Yinghong Zhang, Kun-Han Chuang, et al.",Medicine,2025,41239676,https://pubmed.ncbi.nlm.nih.gov/41239676/
"Wu, Jennifer, MD",Wu,Jennifer,Orthopedic perioperative nursing under navigation nurse management: Machine learning-based risk prediction models for postoperative recovery quality and explainable artificial intelligence analysis.,"Qiu Qian, Jingrong Wu, Zhi Xu, et al.",Medicine,2025,41239628,https://pubmed.ncbi.nlm.nih.gov/41239628/
"Wu, Jennifer, MD",Wu,Jennifer,The middle frontal gyrus as a neural mediator between family relationships and internet addiction among adolescents with internet gaming disorder: a cross-sectional study.,"Yibo Zhang, Yanyan Li, Huijie Zhang, et al.",BMC psychology,2025,41239403,https://pubmed.ncbi.nlm.nih.gov/41239403/
"Wu, Jennifer, MD",Wu,Jennifer,"High prevalence and emerging cephalosporin resistance of penicillinase-producing Neisseria gonorrhoeae in Meizhou, China (2022-2024).","Qian Li, Xueqin Chen, Yuhong Huang, et al.",BMC infectious diseases,2025,41239259,https://pubmed.ncbi.nlm.nih.gov/41239259/
"Wu, Jennifer, MD",Wu,Jennifer,Efficacy and Safety of Thermal Ablation for Follicular Thyroid Neoplasms: A Multicenter Retrospective Study with >5-Year Follow-up.,"Yu-Tong Liu, Bo-Qiang Fan, Jun-Feng He, et al.",Academic radiology,2025,41238497,https://pubmed.ncbi.nlm.nih.gov/41238497/
"Wu, Jennifer, MD",Wu,Jennifer,"Corrigendum to ""Mechanistic insights into myricetin-regulated autophagy via the PI3K/Akt and PINK1/Parkin pathway in diabetic kidney disease treatment"" [J. Ethnopharmacol. (2026) 355 (Pt A) 120613].","Xin Liu, Pu-Yu Wang, Si-Qi Tang, et al.",Journal of ethnopharmacology,2025,41238495,https://pubmed.ncbi.nlm.nih.gov/41238495/
"Wu, Jennifer, MD",Wu,Jennifer,"Letter Regarding: ""Increasing Differences in Surgical Site Infections After Emergency and Elective Colorectal Surgery"".","Xingli Xu, Jiong Wu",The Journal of surgical research,2025,41238432,https://pubmed.ncbi.nlm.nih.gov/41238432/
"Wu, Jennifer, MD",Wu,Jennifer,Single-nuclei RNA sequencing unveils astrocyte and oligodendrocyte lineage cells in post-stroke human brain.,"Chengcheng Zhao, Xiuhua Yao, Lina Qiu, et al.",Experimental neurology,2025,41238151,https://pubmed.ncbi.nlm.nih.gov/41238151/
"Wu, Jennifer, MD",Wu,Jennifer,Current landscape of cross-line immune checkpoint blockade for cancer treatment.,"Pinchao Fan, Jing Wu, Chengjun Zhu, et al.",Cancer letters,2025,41238098,https://pubmed.ncbi.nlm.nih.gov/41238098/
"Wu, Jennifer, MD",Wu,Jennifer,Ling-Gui-Zhu-Gan decoction improves hepatic steatosis through ALKBH1-mediated DNA N,"Jingjuan Xu, Yunuo Yang, Jing Ma, et al.",Journal of ethnopharmacology,2025,41237871,https://pubmed.ncbi.nlm.nih.gov/41237871/
"Wu, Jennifer, MD",Wu,Jennifer,Benchmarking and optimizing Perturb-seq in differentiating human pluripotent stem cells.,"Sushama Sivakumar, Yihan Wang, Sean C Goetsch, et al.",Stem cell reports,2025,41237780,https://pubmed.ncbi.nlm.nih.gov/41237780/
"Wu, Jennifer, MD",Wu,Jennifer,Exploring the singlet oxygen generation of iridium(III) complex containing phenothiazine for photodynamic therapy.,"Qinglin Chen, Hong Zeng, Jie Wu, et al.",Journal of inorganic biochemistry,2025,41237752,https://pubmed.ncbi.nlm.nih.gov/41237752/
"Wu, Jennifer, MD",Wu,Jennifer,BI-2536 attenuates IPF progression by inhibiting the PLK2/JNK/SP1 Signaling pathway in AT2 cells.,"Anqi Cheng, Jiawei Zhou, Jianqiang Guo, et al.",International immunopharmacology,2025,41237696,https://pubmed.ncbi.nlm.nih.gov/41237696/
"Wu, Jennifer, MD",Wu,Jennifer,Mid-long term efficacy of dihydroergotoxine mesylate in treatment of sialorrhea in Parkinson's disease.,"Huihui Jin, Ting Huang, Jing Wu, et al.",Clinical neurology and neurosurgery,2025,41237588,https://pubmed.ncbi.nlm.nih.gov/41237588/
"Wu, Jennifer, MD",Wu,Jennifer,PTEN Loss Promotes PI3Kβ Phosphorylation and EPHA2/SRC/p-PI3KβY962 Complex Assembly to Drive Tumorigenesis.,"Shuang Tang, Qian Zhou, Johann S Bergholz, et al.",Cancer discovery,2025,41237375,https://pubmed.ncbi.nlm.nih.gov/41237375/
"Wu, Jennifer, MD",Wu,Jennifer,Named Entity Recognition for Chinese Cancer Electronic Health Records-Development and Evaluation of a Domain-Specific BERT Model: Quantitative Study.,"Junbai Chen, Butian Zhao, Xiaohan Tian, et al.",JMIR medical informatics,2025,41237336,https://pubmed.ncbi.nlm.nih.gov/41237336/
"Wu, Jennifer, MD",Wu,Jennifer,"Risk of postoperative urinary retention after sugammadex use in laparoscopic hernia repair: A matched cohort study of 23,444 cases.","Kuo-Chuan Hung, Hsiu-Lan Weng, Yi-Chen Lai, et al.",PloS one,2025,41237144,https://pubmed.ncbi.nlm.nih.gov/41237144/
"Wu, Jennifer, MD",Wu,Jennifer,MRI-based 2.5D deep learning and radiomics effectively predicted microvascular invasion and Ki-67 expression in hepatocellular carcinoma.,"Hongmei Yu, Depeng Kong, Xiaojun Mo, et al.",PloS one,2025,41237121,https://pubmed.ncbi.nlm.nih.gov/41237121/
"Wu, Jennifer, MD",Wu,Jennifer,Imatinib Treatment in Primary Acute Basophilic Leukemia with FIP1L1-PDGFRα Rearrangement: A Case Report.,"Jichao Wu, Jiefang Li, Jun Yin, et al.",Acta haematologica,2025,41237070,https://pubmed.ncbi.nlm.nih.gov/41237070/
"Wu, Jennifer, MD",Wu,Jennifer,Chromatography-guided purification and characterization of ,"Te-Sheng Chang, Jiumn-Yih Wu, Hsiou-Yu Ding, et al.",Preparative biochemistry & biotechnology,2025,41237013,https://pubmed.ncbi.nlm.nih.gov/41237013/
"Wu, Jennifer, MD",Wu,Jennifer,Hierarchical Cation Order Enhances Intrinsic Phase Stability in High-Nickel Cathodes with Ultrahigh Initial Coulombic Efficiency.,"Weicheng Zhang, Jiajie Wu, Yu Shen, et al.","Small (Weinheim an der Bergstrasse, Germany)",2025,41236824,https://pubmed.ncbi.nlm.nih.gov/41236824/
"Wu, Jennifer, MD",Wu,Jennifer,The Overlooked Driver of Microplastic Chemical Oxidation in Cold Soils: Reactive Oxygen Species Generation Mediated by Freeze-Thaw Cycles.,"Jianyong Wu, Wenhao Yang, Kongyan Luo, et al.",Environmental science & technology,2025,41236714,https://pubmed.ncbi.nlm.nih.gov/41236714/
"Wu, Jennifer, MD",Wu,Jennifer,A New Approach for Remediating Polyethylene Microplastics Pollution in Agricultural Soils: The Combined Effects of Compound Microbial Agent.,"Duo Jin, Xing-Wei Luo, Jun-Sheng Lu, et al.",Journal of agricultural and food chemistry,2025,41236538,https://pubmed.ncbi.nlm.nih.gov/41236538/
"Wu, Jennifer, MD",Wu,Jennifer,Generation of Stable 2'-F/OMe-RNA Aptasensors for ,"Jing Wu, Ziqian Xiao, Yuhui Du, et al.",ACS synthetic biology,2025,41236492,https://pubmed.ncbi.nlm.nih.gov/41236492/
"Wu, Jennifer, MD",Wu,Jennifer,"BAFF in autoimmune kidney diseases: pathogenic pathways, biomarker potential, and therapeutic horizons.","Jing Wu, Zhaohui Li, Shanshan Zheng, et al.",Renal failure,2025,41236208,https://pubmed.ncbi.nlm.nih.gov/41236208/
"Wu, Jennifer, MD",Wu,Jennifer,Characteristics and Effectiveness of Nurse-Led Family Communication Interventions in the ICU: A Systematic Review and Meta-Analysis.,"ZhiRu Li, FangYan Lu, Martha Abshire Saylor, et al.",Critical care medicine,2025,41236180,https://pubmed.ncbi.nlm.nih.gov/41236180/
"Wu, Jennifer, MD",Wu,Jennifer,Association of plasma p-tau217 levels with cerebral small vessel disease burden: Cross-sectional insights from the Hefei Aging Study.,"Jun Wu, Yu-Hao Ge, Xian-Zuo Zhang, et al.",Brain research bulletin,2025,41236074,https://pubmed.ncbi.nlm.nih.gov/41236074/
"Wu, Jennifer, MD",Wu,Jennifer,"A review on low-temperature denitrification technologies: evolution, mechanisms and prospects for sustainable wastewater treatment.","Lingzhan Miao, Ye Zhu, Dan Luo, et al.",Water science and technology : a journal of the International Association on Water Pollution Research,2025,41236067,https://pubmed.ncbi.nlm.nih.gov/41236067/
"Wu, Jennifer, MD",Wu,Jennifer,From modification to malignancy: Bridging acetylation mechanisms and therapeutic innovations in melanoma (Review).,"Jingwen Wu, Xuxia Cai, Zimo Zhu, et al.",Oncology reports,2026,41235678,https://pubmed.ncbi.nlm.nih.gov/41235678/
"Wu, Jennifer, MD",Wu,Jennifer,TEMPO-Oxidized Cellulose Handsheet with Low and Adjustable Relative Permittivity for Superior Printed Electronic Substrate.,"Fukun Niu, Jiafei Wu, Ru Song, et al.",ACS applied materials & interfaces,2025,41235537,https://pubmed.ncbi.nlm.nih.gov/41235537/
"Wu, Jennifer, MD",Wu,Jennifer,Single-cell/spatial integration reveals an MES2-like glioblastoma program orchestrated by immune communication and regulatory networks.,"Chonghui Zhang, Lu Tan, Kaijian Zheng, et al.",Frontiers in immunology,2025,41235227,https://pubmed.ncbi.nlm.nih.gov/41235227/
"Wu, Jennifer, MD",Wu,Jennifer,PSORI-CM02 Restores Epidermal Differentiation in Psoriasis via the Gut Microbiota-Sphingolipid Axis.,"Yuan Wu, Simin Pan, Chubo Yin, et al.","Drug design, development and therapy",2025,41235136,https://pubmed.ncbi.nlm.nih.gov/41235136/
"Wu, Jennifer, MD",Wu,Jennifer,TIPE3 promotes breast cancer progression and metastasis via the AKT-GSK3β-β-catenin/Snail pathway.,"Yiling Bai, Jing Wu, Dongmei Yu, et al.",Translational cancer research,2025,41234863,https://pubmed.ncbi.nlm.nih.gov/41234863/
"Cheng, Terri, MD",Cheng,Terri,Crab shell meal promotes root-knot nematode control through shifts in soil microbial communities and enhanced nitrification.,"Ching-Min Li, Ting-Hsuan Cheng, Yen-Ju Chen, et al.",Scientific reports,2025,41249223,https://pubmed.ncbi.nlm.nih.gov/41249223/
"Cheng, Terri, MD",Cheng,Terri,Adult myopia progression in high myopes aged 18-25 years: evidence from a population-based cohort.,"Haotian Wu, Zihan Ni, Ziyi Qi, et al.",The British journal of ophthalmology,2025,41249003,https://pubmed.ncbi.nlm.nih.gov/41249003/
"Cheng, Terri, MD",Cheng,Terri,Atomic Real-Space Imaging of Molecular Statics and Dynamics at Confined States.,"Yusheng Liu, Liang Xu, Xiao Chen, et al.",Physical review letters,2025,41247979,https://pubmed.ncbi.nlm.nih.gov/41247979/
"Cheng, Terri, MD",Cheng,Terri,Corrigendum to Ruxolitinib improves hematopoietic regeneration by restoring mesenchymal stromal cell function in acute graft-versus-host disease.,"Yan Lin, Quan Gu, Shihong Lu, et al.",The Journal of clinical investigation,2025,41243974,https://pubmed.ncbi.nlm.nih.gov/41243974/
"Cheng, Terri, MD",Cheng,Terri,Alteration of BIN2-like1 interactions with HY5 and BZR1 may help to create ideal plant architecture in Brassica napus L.,"Mao Yang, Fei Ni, Lifang Cao, et al.",The Plant journal : for cell and molecular biology,2025,41241969,https://pubmed.ncbi.nlm.nih.gov/41241969/
"Cheng, Terri, MD",Cheng,Terri,Enhanced removal of urinary antibiotics via synergistic adsorption-catalysis by phosphorus-modified biochar-MoS₂/alginate hydrogel beads.,"Xiaoyi Xu, Tianzuo Cheng, Bin Wang, et al.",Journal of hazardous materials,2025,41240842,https://pubmed.ncbi.nlm.nih.gov/41240842/
"Cheng, Terri, MD",Cheng,Terri,"Effect of ultrasound treatment on kidney bean protein isolate-oat β-glucan glycation conjugates: The structure, digestibility and emulsifying properties.","Zhigang Sun, Chaojiang Dong, Yue Gu, et al.",Ultrasonics sonochemistry,2025,41240431,https://pubmed.ncbi.nlm.nih.gov/41240431/
"Cheng, Terri, MD",Cheng,Terri,[The Maintenance Effects of Extracellular Vesicles Derived from Placental Tissue and Mesenchymal Stem Cells on Hematopoietic Stem and Progenitor Cells].,"Ying-Jie Liu, Chen Wang, Tao Cheng, et al.",Zhongguo shi yan xue ye xue za zhi,2025,41234105,https://pubmed.ncbi.nlm.nih.gov/41234105/
"Cheng, Terri, MD",Cheng,Terri,International Mouse Phenotyping Consortium Portal: facilitating investigation of gene function and providing insights into human disease.,"Robert Wilson, Tuğba Bülbül Ataç, Tsz Kwan Cheng, et al.",Nucleic acids research,2025,41231752,https://pubmed.ncbi.nlm.nih.gov/41231752/
"Cheng, Terri, MD",Cheng,Terri,Room Temperature Giant Magnetostriction in Ultrathin Fe,"Tingting Cheng, Yiran Ding, Changwei Wu, et al.","Advanced materials (Deerfield Beach, Fla.)",2025,41231029,https://pubmed.ncbi.nlm.nih.gov/41231029/
"Cheng, Terri, MD",Cheng,Terri,Electronic Structure and Lattice Engineering of Cobalt Doping FeS,"Kaicheng Bi, Tiancai Cheng, Zhangjie Shi, et al.","Materials (Basel, Switzerland)",2025,41227954,https://pubmed.ncbi.nlm.nih.gov/41227954/
"Cheng, Terri, MD",Cheng,Terri,Rehmannioside D ameliorates hepatocyte apoptosis and liver fibrosis by suppressing Sirt7/p53 axis.,"Yue Liang, Tian-Yu Cheng, Jia-Ying Pu, et al.",Journal of ethnopharmacology,2025,41224087,https://pubmed.ncbi.nlm.nih.gov/41224087/
"Cheng, Terri, MD",Cheng,Terri,"Mapping human cerebral blood flow with high-density, multi-channel speckle contrast optical spectroscopy.","Byungchan Kenny Kim, Alexander C Howard, Tom Y Cheng, et al.",Communications biology,2025,41219437,https://pubmed.ncbi.nlm.nih.gov/41219437/
"Cheng, Terri, MD",Cheng,Terri,Truly Prioritizing Child Health - The Missed Opportunities of the MAHA Commission.,"James M Perrin, Tina L Cheng",The New England journal of medicine,2025,41211930,https://pubmed.ncbi.nlm.nih.gov/41211930/
"Cheng, Terri, MD",Cheng,Terri,Genome-wide identification and comprehensive analysis of ,"Jun Liu, Tingting Cheng, Lili Wang, et al.",Frontiers in plant science,2025,41210712,https://pubmed.ncbi.nlm.nih.gov/41210712/
"Cheng, Terri, MD",Cheng,Terri,Micelle-Induced Nucleation and Surface Chemical Polishing Co-Strategy for Efficient Tin-Lead Mixed Perovskite Solar Cells.,"Dong He, Zixin Zeng, Gongcheng Zhou, et al.","Advanced materials (Deerfield Beach, Fla.)",2025,41208791,https://pubmed.ncbi.nlm.nih.gov/41208791/
"Cheng, Terri, MD",Cheng,Terri,Sickle Cell Breakthroughs: From Surviving to Thriving.,Tina L Cheng,Pediatric clinics of North America,2026,41207745,https://pubmed.ncbi.nlm.nih.gov/41207745/
"Cheng, Terri, MD",Cheng,Terri,The RNA N,"Yanhong Tan, Changli Zhou, Sicheng Bian, et al.",Cell death & disease,2025,41203598,https://pubmed.ncbi.nlm.nih.gov/41203598/
"Cheng, Terri, MD",Cheng,Terri,From soil to biomanufacturing: Systems-driven metabolic pathway rewiring in non-model bacteria for gram-scale antibiotic production.,"Tingfeng Cheng, Suihao Yan, Min Xu, et al.",Metabolic engineering,2026,41198017,https://pubmed.ncbi.nlm.nih.gov/41198017/
"Cheng, Terri, MD",Cheng,Terri,Fabricating Thermoconductive Phase-Change Fiber via Solvent-Regulated Encapsulation in Carbon Nanotube Network.,"Yufei Huang, Xinyin Yang, Jiayi Li, et al.",ACS nano,2025,41194402,https://pubmed.ncbi.nlm.nih.gov/41194402/
"Cheng, Terri, MD",Cheng,Terri,Organoids in respiratory virus research: advances and perspectives.,"Xingling Li, Haiqing Xiao, Ming Zhou, et al.",Molecular biomedicine,2025,41193785,https://pubmed.ncbi.nlm.nih.gov/41193785/
"Cheng, Terri, MD",Cheng,Terri,Bilateral paravertebral block reduces complications after pancreatectomy in retrospective cohort analysis.,"Yaping Shi, Yuanqiang Dai, Qingyu Sun, et al.",Scientific reports,2025,41193516,https://pubmed.ncbi.nlm.nih.gov/41193516/
"Cheng, Terri, MD",Cheng,Terri,Injury Prevention Among the Greatest Pediatric Achievements: What Will Drive the Next Leap Forward?,Tina L Cheng,Pediatric clinics of North America,2025,41193147,https://pubmed.ncbi.nlm.nih.gov/41193147/
"Cheng, Terri, MD",Cheng,Terri,0.5% Graphene Slashed 38.8 °C Supercooling in Plastic Crystals.,"Xinyu Zhang, Liang Xu, Yanyan Shao, et al.",Journal of the American Chemical Society,2025,41191742,https://pubmed.ncbi.nlm.nih.gov/41191742/
"Cheng, Terri, MD",Cheng,Terri,Utilizing Artificial Intelligence (AI) and Image Recognition Technologies to achieve Potential Wireless Sensing of Surgical Resection Boundaries for Benign Prostatic Hyperplasia (BPH).,"Meishan Zhao, Jingcheng Lv, Xuanhao Li, et al.",IEEE journal of biomedical and health informatics,2025,41191469,https://pubmed.ncbi.nlm.nih.gov/41191469/
"Cheng, Terri, MD",Cheng,Terri,Weakly-Solvated and Co-Intercalation-Free Ether-Based Electrolytes Enhance the Low- Temperature and Fast-Charging Performance of LiFePO,"Ziwei Wang, Xuewei Gu, Jiacheng Zhu, et al.",Angewandte Chemie (International ed. in English),2025,41189349,https://pubmed.ncbi.nlm.nih.gov/41189349/
"Cheng, Terri, MD",Cheng,Terri,DDX3X induces mesenchymal transition of endothelial cells by disrupting BMPR2 signaling.,"Yu Zhang, Jing Wang, De-Hui Qian, et al.",FEBS open bio,2025,41186241,https://pubmed.ncbi.nlm.nih.gov/41186241/
"Cheng, Terri, MD",Cheng,Terri,Effect and Mechanisms of Yiqi Jianpi Xiaoyu Prescription on Kidney Fibrosis on the Basis of Metabolomics and Experimental Validation.,"Keda Lu, Liqing Ye, Wenze Jiang, et al.",Food science & nutrition,2025,41179361,https://pubmed.ncbi.nlm.nih.gov/41179361/
"Cheng, Terri, MD",Cheng,Terri,"Sustainable valorization of pomelo peel using sequentially tailored deep eutectic solvents: A green approach to limonene extraction, chemoenzymatic epoxidation, and lignin separation.","Zhe Zhang, Wen Liu, Wei Huang, et al.",International journal of biological macromolecules,2025,41176017,https://pubmed.ncbi.nlm.nih.gov/41176017/
"Cheng, Terri, MD",Cheng,Terri,An Uncommon Case of Hypophosphataemia-Non-Lethal Raine Syndrome With Novel FAM20C Variant: Expanding the Phenotypic Spectrum.,"Candice Wai-Man Au, Shirley Sze-Wing Cheng, Timothy Hua-Tse Cheng, et al.",American journal of medical genetics. Part A,2025,41174912,https://pubmed.ncbi.nlm.nih.gov/41174912/
"Cheng, Terri, MD",Cheng,Terri,Infection-adaptive regenerative wound healing through rationally engineered copper-polyphenol artificial enzymes enabling quadruple-modal ROS cascade modulation in pathological microenvironments.,"Ziyi Jia, Lina Sun, Liman Liu, et al.",Journal of inorganic biochemistry,2025,41172880,https://pubmed.ncbi.nlm.nih.gov/41172880/
"Cheng, Terri, MD",Cheng,Terri,The group-housed pigs attacking and daily behaviors detection and tracking based on improved YOLOv5s and DeepSORT.,"Tianyu Cheng, Fujie Sun, Liang Mao, et al.",PloS one,2025,41171718,https://pubmed.ncbi.nlm.nih.gov/41171718/
"Cheng, Terri, MD",Cheng,Terri,,"Wei Gong, Zhi Shen, Lingyi Zhao, et al.","Research (Washington, D.C.)",2025,41169617,https://pubmed.ncbi.nlm.nih.gov/41169617/
"Cheng, Terri, MD",Cheng,Terri,RcAP2L-RcAS1 complex modulates petal number in roses by targeting RcAGL80 promoter.,"Siyu Ji, Yi Yang, Shumin Yang, et al.",The Plant journal : for cell and molecular biology,2025,41168957,https://pubmed.ncbi.nlm.nih.gov/41168957/
"Cheng, Terri, MD",Cheng,Terri,Hepatoprotective Potential of ,"Li-Wei Chen, I-Wen Wu, Tzu-Chien Cheng, et al.","In vivo (Athens, Greece)",2025,41167668,https://pubmed.ncbi.nlm.nih.gov/41167668/
"Cheng, Terri, MD",Cheng,Terri,Inotilone suppresses fibronectin 1 expression and inhibits the growth of triple-negative breast cancer xenografts under prolonged nicotine exposure.,"Ying-Chi Lin, Yuan-Soon Ho, You-Cheng Liao, et al.",Ecotoxicology and environmental safety,2025,41166853,https://pubmed.ncbi.nlm.nih.gov/41166853/
"Cheng, Terri, MD",Cheng,Terri,Programmable MRI contrast switching for spatiotemporal mapping of thrombus maturation via enzyme-directed nanoprobe reconfiguration.,"Chi Lin, Fang-Yu Hsu, Chun-Ming Shih, et al.",Nano convergence,2025,41165914,https://pubmed.ncbi.nlm.nih.gov/41165914/
"Cheng, Terri, MD",Cheng,Terri,Mapping Patterns of Pelvic Lymph Node Metastasis in Bladder Urothelial Carcinoma: Implications for Personalize Pelvic Radiotherapy.,"Tian Cheng, Han Hao, Chao Liu, et al.",Practical radiation oncology,2025,41161399,https://pubmed.ncbi.nlm.nih.gov/41161399/
"Cheng, Terri, MD",Cheng,Terri,Transcription-replication conflict resolution by nuclear RNA interference.,"Teri Cheng, Benjamin Roche, Farida Abderahmane, et al.",Molecular cell,2025,41161313,https://pubmed.ncbi.nlm.nih.gov/41161313/
"Cheng, Terri, MD",Cheng,Terri,Risk factors for the intra-individual double burdens of malnutrition among reproductive-age women in India: a secondary analysis of three rounds of the National Family and Health Survey.,"Hannah Gardner, Vani Sethi, Tuck Seng Cheng, et al.",BMJ public health,2025,41158615,https://pubmed.ncbi.nlm.nih.gov/41158615/
"Cheng, Terri, MD",Cheng,Terri,Bridging Gaps in Heart Failure Science: Toward a More Integrated Future.,"Ju-Chi Liu, Tzu-Hurng Cheng","Life (Basel, Switzerland)",2025,41157284,https://pubmed.ncbi.nlm.nih.gov/41157284/
"Cheng, Terri, MD",Cheng,Terri,"Malvidin-3,5-O-diglucoside derived from spine grape (Vitis davidii) inhibits fructose-induced lipid accumulation in HepG2 cells: beneficial effects on MASLD treatment.","Tiantian Cheng, Yang Liu, Yifan Wang, et al.",Naunyn-Schmiedeberg's archives of pharmacology,2025,41152612,https://pubmed.ncbi.nlm.nih.gov/41152612/
"Cheng, Terri, MD",Cheng,Terri,Risk of cataract in patients with systemic lupus erythematosus: a retrospective cohort study in Taiwan.,"De-Yi Liu, Ching Chung, Ying-Tso Wang, et al.",BMJ open,2025,41145257,https://pubmed.ncbi.nlm.nih.gov/41145257/
"Cheng, Terri, MD",Cheng,Terri,Rapid antidepressant effect of single-bout exercise is mediated by adiponectin-induced APPL1 nucleus translocation in anterior cingulate cortex.,"Tong Cheng, Formolo Douglas Affonso, Jiasui Yu, et al.",Molecular psychiatry,2025,41139155,https://pubmed.ncbi.nlm.nih.gov/41139155/
"Cheng, Terri, MD",Cheng,Terri,Revisiting COX-2 inhibitors for Alzheimer's disease as multitargeted ligands: Development of 4-hydrazono-pyrazolidinediones with tuned COX selectivity profile and improved cellular potency.,"Reham Waheed, Zeinab Mostafa, Michael Emad, et al.",European journal of medicinal chemistry,2025,41138336,https://pubmed.ncbi.nlm.nih.gov/41138336/
"Cheng, Terri, MD",Cheng,Terri,Search for the Rare Decay D^{0}→μ^{+}μ^{-} in Proton-Proton Collisions at sqrt[s]=13.6  TeV.,"V Chekhovsky, A Hayrapetyan, V Makarenko, et al.",Physical review letters,2025,41138114,https://pubmed.ncbi.nlm.nih.gov/41138114/
"Cheng, Terri, MD",Cheng,Terri,Nanobody-based combination vaccine using licensed protein nanoparticles protects animals against respiratory and viral infections.,"Tingting Li, Wenhui Xue, Sibo Zhang, et al.",Nature biomedical engineering,2025,41136606,https://pubmed.ncbi.nlm.nih.gov/41136606/
"Cheng, Terri, MD",Cheng,Terri,"RcPsaL and RcPsbX, core photosystem subunits targeted by Marssonina rosae effector MrSEP20, enhance black spot resistance in rose.","Hefeng Cheng, Yi Yang, Lin Su, et al.",Plant physiology and biochemistry : PPB,2025,41135189,https://pubmed.ncbi.nlm.nih.gov/41135189/
"Cheng, Terri, MD",Cheng,Terri,Anti-CD24 antibody-nitric oxide donor conjugates bearing a self-bioorthogonal cleavable linker.,"Jianbing Wu, Tianyue Cheng, Jiajun Xie, et al.",Acta pharmaceutica Sinica. B,2025,41132851,https://pubmed.ncbi.nlm.nih.gov/41132851/
"Cheng, Terri, MD",Cheng,Terri,Predictive factors for very poor outcomes after endovascular thrombectomy in anterior circulation large vessel occlusion: a multicentre retrospective study in China.,"Zhixia Li, Jiheng Hao, Changming Wen, et al.",BMJ open,2025,41130675,https://pubmed.ncbi.nlm.nih.gov/41130675/
"Cheng, Terri, MD",Cheng,Terri,Water Splitting for Hydrogen and Hydrogen Peroxide Co-Production by Carbon-Based Photocatalyst with Two Types Active Sites.,"Tiwei He, Hongchao Tang, Jiaxuan Wang, et al.","Small (Weinheim an der Bergstrasse, Germany)",2025,41123940,https://pubmed.ncbi.nlm.nih.gov/41123940/
"Cheng, Terri, MD",Cheng,Terri,The CT-based attenuation index of peri-bowel adipose tissue can predict disease progression in inflammatory bowel disease patients.,"Jun Lu, Hui Xu, Jingxuan Zhang, et al.",European radiology,2025,41123641,https://pubmed.ncbi.nlm.nih.gov/41123641/
"Cheng, Terri, MD",Cheng,Terri,Supply chain effects of green Innovation: A cultural perspective on the performance of Chinese and Korean firm.,"Ruihui Yu, HeeCheol Moon, T C E Cheng, et al.",Journal of environmental management,2025,41115367,https://pubmed.ncbi.nlm.nih.gov/41115367/
"Cheng, Terri, MD",Cheng,Terri,G2B: an optimized lentiviral vector with enhanced titer and β-globin expression for improved β-thalassemia gene therapy.,"Zhu-Ying Gao, Zhi-Xue Yang, Dong-Hao Deng, et al.","Blood science (Baltimore, Md.)",2025,41113105,https://pubmed.ncbi.nlm.nih.gov/41113105/
"Cheng, Terri, MD",Cheng,Terri,Multi-omics analysis reveals neutrophil heterogeneity and key molecular drivers in sepsis-associated acute kidney injury.,"Tianle Cheng, Yong Xu, Ziwei Liu, et al.",Frontiers in immunology,2025,41112274,https://pubmed.ncbi.nlm.nih.gov/41112274/
"Cheng, Terri, MD",Cheng,Terri,"Construction of biomass-based sodium alginate microspheres for the removal of Cr (VI): Characterization, optimization via response surface methodology, kinetics and isotherms.","Zhenzhen Li, Xinyi Guo, Liling Zhou, et al.",International journal of biological macromolecules,2025,41109386,https://pubmed.ncbi.nlm.nih.gov/41109386/
"Cheng, Terri, MD",Cheng,Terri,Recurrent Parosteal Lipoma of the Mandible: A Case Report and Literature Review.,"Taiqi Cheng, Zhiyu Ma, Xing Yan",Clinical case reports,2025,41103601,https://pubmed.ncbi.nlm.nih.gov/41103601/
"Cheng, Terri, MD",Cheng,Terri,Histone Lactylation-Mediated PAD4 Up-Regulation Promotes Septic Acute Kidney Injury via Activating NETosis.,"Wen-Lin Huang, Yan-Chen Wang, Tian-le Cheng, et al.","Nephrology (Carlton, Vic.)",2025,41103221,https://pubmed.ncbi.nlm.nih.gov/41103221/
"Cheng, Terri, MD",Cheng,Terri,"1,1-polymerization of acetylene.","Tairan Cheng, Jiayao Qiu, Zedong Yang, et al.",Nature communications,2025,41102165,https://pubmed.ncbi.nlm.nih.gov/41102165/
"Cheng, Terri, MD",Cheng,Terri,Recombinant ApoE3 corona plus sucrose vitrification endows mRNA-LNPs with Freeze-Thaw and -80 °C stability.,"Sai-Ning Tian, Juan-Juan Zhao, Zu-Yi Peng, et al.",International journal of pharmaceutics,2025,41101606,https://pubmed.ncbi.nlm.nih.gov/41101606/
"Cheng, Terri, MD",Cheng,Terri,Water-based ultrasonic pretreatment enhances moso bamboo dimensional stability and mildew resistance.,"Jing Qian, Pengfei Xia, Shixia Cui, et al.",Ultrasonics sonochemistry,2025,41101093,https://pubmed.ncbi.nlm.nih.gov/41101093/
"Cheng, Terri, MD",Cheng,Terri,Dielectric Properties and Heating Rates of Egg Components Associated with Radio Frequency and Microwave Pasteurization.,"Feixue Yang, Jianhang Hu, Huijia Li, et al.","Foods (Basel, Switzerland)",2025,41097457,https://pubmed.ncbi.nlm.nih.gov/41097457/
"Cheng, Terri, MD",Cheng,Terri,Theaflavins as Electrolyte Additives for Inhibiting Zinc Dendrites and Hydrogen Evolution in Aqueous Zinc-Ion Batteries.,"Xiao Zhang, Ting Cheng, Chen Chen, et al.",International journal of molecular sciences,2025,41096668,https://pubmed.ncbi.nlm.nih.gov/41096668/
"Cheng, Terri, MD",Cheng,Terri,Classification of Calcium-Dependent Protein Kinases and Their Transcriptional Response to Abiotic Stresses in Halophyte ,"Lu Lu, Ting Chen, Tiangui Yang, et al.","Plants (Basel, Switzerland)",2025,41095231,https://pubmed.ncbi.nlm.nih.gov/41095231/
"Cheng, Terri, MD",Cheng,Terri,Educational Attainment and Outcomes of Hemodialysis Access Creation.,"Nyah Patel, Anna Schneider, Thomas W Cheng, et al.",Vascular and endovascular surgery,2025,41091004,https://pubmed.ncbi.nlm.nih.gov/41091004/
"Cheng, Terri, MD",Cheng,Terri,Machine learning model based on preoperative MRI and clinical data for predicting pancreatic fistula after pancreaticoduodenectomy.,"Piao Yan, Kuinan Tong, Zhenhao Liu, et al.",BMC medical imaging,2025,41087962,https://pubmed.ncbi.nlm.nih.gov/41087962/
"Cheng, Terri, MD",Cheng,Terri,Computer-aided design methods for digitizing the foot and ankle orthoses manufacturing workflow: A scoping review.,"Joyce Zhanzi Wang, Scott Telfer, Joshua Burns, et al.",Prosthetics and orthotics international,2025,41084107,https://pubmed.ncbi.nlm.nih.gov/41084107/
"Cheng, Terri, MD",Cheng,Terri,Laparoscopic versus open hepatectomy in hepatocellular carcinoma patients with high-risk pathological features: a multicenter propensity score-matched study.,"Li Qin, Ying Zhou, Zhan-Cheng Qiu, et al.",Surgical endoscopy,2025,41083612,https://pubmed.ncbi.nlm.nih.gov/41083612/
"Cheng, Terri, MD",Cheng,Terri,Promoting Brain Development from the Start.,Tina L Cheng,Pediatric clinics of North America,2025,41077471,https://pubmed.ncbi.nlm.nih.gov/41077471/
"Cheng, Terri, MD",Cheng,Terri,Detection methods for mitochondrial DNA heteroplasmy and their potential single-cell applications in cancer.,"Tianguang Cheng, Min Pan, Yi Qiao, et al.",Biochimica et biophysica acta. Reviews on cancer,2025,41077361,https://pubmed.ncbi.nlm.nih.gov/41077361/
"Cheng, Terri, MD",Cheng,Terri,Observation of Λ Hyperon Local Polarization in p-Pb Collisions at sqrt[s_{NN}]=8.16  TeV.,"A Hayrapetyan, A Tumasyan, W Adam, et al.",Physical review letters,2025,41076707,https://pubmed.ncbi.nlm.nih.gov/41076707/
"Cheng, Terri, MD",Cheng,Terri,UGI relocation inside Cas9 reduces Cas9 dependent off target effects in cytosine base editors.,"Zehao Shi, Tian-Lin Cheng",Scientific reports,2025,41073543,https://pubmed.ncbi.nlm.nih.gov/41073543/
"Cheng, Terri, MD",Cheng,Terri,Targeting the HIF1A-UCA1-PTBP3 axis: a potential therapeutic strategy for head and neck cancer.,"Lydia Chin-Ling Sim, Yi-Zih Kuo, Tsun-Chih Cheng, et al.",BMC cancer,2025,41068676,https://pubmed.ncbi.nlm.nih.gov/41068676/
"Cheng, Terri, MD",Cheng,Terri,Time-efficient Methodology for Robustly Assessing Speech-related Mismatch Responses in Adults and Infants.,"Tzu-Han Zoe Cheng, Victoria Hennessy, Tian Christina Zhao",Journal of cognitive neuroscience,2025,41066701,https://pubmed.ncbi.nlm.nih.gov/41066701/
"Cheng, Terri, MD",Cheng,Terri,"Incidence, mortality, and survival associated with acute leukaemia subtypes by age group in China: a population-based cancer registry analysis and cohort study.","Wei Yin, Xiaoyu Yan, Jiaoyang Cai, et al.",The Lancet. Haematology,2025,41062205,https://pubmed.ncbi.nlm.nih.gov/41062205/
"Cheng, Terri, MD",Cheng,Terri,"A Zwitterionic Conductive Hydrogel Interface for Enhanced Electrocorticography Signal Fidelity via High Conductivity, Antifouling, and Brain-Matched Mechanics.","Ying Xiang, Xuan He, Tingting Cheng, et al.",Biomacromolecules,2025,41055454,https://pubmed.ncbi.nlm.nih.gov/41055454/
"Cheng, Terri, MD",Cheng,Terri,Deep Learning-Enhanced High-Precision Wind Field Concurrent Triboelectric Sensing.,"Jinzhi Zhu, Zheng Yang, Xinghu Xue, et al.","Advanced materials (Deerfield Beach, Fla.)",2025,41055251,https://pubmed.ncbi.nlm.nih.gov/41055251/
"Cheng, Terri, MD",Cheng,Terri,The Red Cell Distribution Width-to-Albumin Ratio Predicts 1-Year Mortality in Patients with Chronic Obstructive Pulmonary Disease: Evidence From MIMIC-IV and NHANES.,"Pengcheng Sheng, Wanqi Lei, Tanyun Cheng, et al.",International journal of chronic obstructive pulmonary disease,2025,41054767,https://pubmed.ncbi.nlm.nih.gov/41054767/
"Cheng, Terri, MD",Cheng,Terri,One-step degradation of 4 classes of β-lactam using β-lactamase enzyme cocktail.,"Jiafu Lin, Tiantian Wang, Yaliang Zhou, et al.",Scientific reports,2025,41053101,https://pubmed.ncbi.nlm.nih.gov/41053101/
"Cheng, Terri, MD",Cheng,Terri,RNA inosine sensor-guided TadA mutational scanning for toxicity minimization of adenine base editors.,"Cheng Zhang, Ziliang Chen, Jixin Cao, et al.",Molecular therapy : the journal of the American Society of Gene Therapy,2025,41047629,https://pubmed.ncbi.nlm.nih.gov/41047629/
"Cheng, Terri, MD",Cheng,Terri,"Identification of the peptide Vulnusin, a wound signal that mediates mechanical-injury-induced nociception in Drosophila.","Yanmeng Guo, Tun Li, Sami T Tuomivaara, et al.",Neuron,2025,41045928,https://pubmed.ncbi.nlm.nih.gov/41045928/
"Cheng, Terri, MD",Cheng,Terri,Soy protein isolate/inulin complexes as potential sugar replacers in cream: Mechanism analysis based on fat crystal behavior.,"Jiayu Zhang, Huiyuan Lang, Fangxiao Lou, et al.",Food chemistry,2025,41045850,https://pubmed.ncbi.nlm.nih.gov/41045850/
"Cheng, Terri, MD",Cheng,Terri,"Association between triglyceride-glucose index and myocardial injury in patients with heat stroke: an observational, retrospective study.","Guo Tang, Ying Yang, Tianshan Zhang, et al.",Scientific reports,2025,41044245,https://pubmed.ncbi.nlm.nih.gov/41044245/
"Cheng, Terri, MD",Cheng,Terri,Ventricular repolarization is improved by His resynchronization therapy but not biventricular pacing.,"Jack W Samways, Timothy Cheng, Ji-Jian Chow, et al.",Heart rhythm,2025,41043630,https://pubmed.ncbi.nlm.nih.gov/41043630/
"Cheng, Terri, MD",Cheng,Terri,Scalable Wafer-Level Fabrication of Slanted TiO,"Xiang Gao, Shuo Dong, Xiaolong Wang, et al.",Nano letters,2025,41037450,https://pubmed.ncbi.nlm.nih.gov/41037450/
"Cheng, Terri, MD",Cheng,Terri,Nanoscale Band Gap Modulation and Dual Moiré Superlattices of Hexagonal Boron Nitride Weakly Coupled to Graphite.,"Fábio J R Costa, Daniel Arribas, Thiago G L Brito, et al.",ACS nano,2025,41036761,https://pubmed.ncbi.nlm.nih.gov/41036761/
"Cheng, Terri, MD",Cheng,Terri,Targeting inosine metabolism to enhance EGFR-targeted therapy in lung adenocarcinoma.,"Xiaolong Huang, Jiaqi Liang, Yanjun Yi, et al.",Cancer letters,2025,41033606,https://pubmed.ncbi.nlm.nih.gov/41033606/
"Cheng, Terri, MD",Cheng,Terri,Symblepharon induced giant conjunctival cyst.,"Tiffany S Cheng, Tatyana Milman, Charlotte L Marous","Orbit (Amsterdam, Netherlands)",2025,41032700,https://pubmed.ncbi.nlm.nih.gov/41032700/
"Cheng, Terri, MD",Cheng,Terri,Spatial-hindrance-based pro-Adalimumab prevents anti-idiotypic antibody interference in pharmacokinetic and therapeutic efficacy.,"Bo-Cheng Huang, Yu-Tung Chen, Yun-Chi Lu, et al.",Bioengineering & translational medicine,2025,41030274,https://pubmed.ncbi.nlm.nih.gov/41030274/
"Cheng, Terri, MD",Cheng,Terri,SGLT2 Inhibitors and External Genital Infection in Male Patients With Type 2 Diabetes.,"Tsung-Han Cheng, Kun-Che Lin, Albert Tzu-Ming Chuang, et al.",JAMA network open,2025,41021225,https://pubmed.ncbi.nlm.nih.gov/41021225/
"Cheng, Terri, MD",Cheng,Terri,Boosting Output Performance of Triboelectric Nanogenerator via Interface Self-Regulation Strategy.,"Yanrui Zhao, Yuming Feng, Qi Gao, et al.","Research (Washington, D.C.)",2025,41020159,https://pubmed.ncbi.nlm.nih.gov/41020159/
"Cheng, Terri, MD",Cheng,Terri,Chrysanthemum morifolium extract attenuates pathological angiogenesis of age-related macular degeneration via VEGF and Nrf2 pathway modulation.,"Guan-Cheng Jiang, Hong-Ye Pan, Lei Gu, et al.",Journal of ethnopharmacology,2025,41016543,https://pubmed.ncbi.nlm.nih.gov/41016543/
"Cheng, Terri, MD",Cheng,Terri,Risk Factors and Development of a Predictive Model for In-Hospital Mortality in Hemodynamically Stable Older Adults with Urinary Tract Infection.,"Tzu-Heng Cheng, Wei Lu, Chen-Bin Chen, et al.","Medicina (Kaunas, Lithuania)",2025,41011016,https://pubmed.ncbi.nlm.nih.gov/41011016/
"Cheng, Terri, MD",Cheng,Terri,De Novo Transcriptome Sequencing and Profiling of Ovarian Development of ,"Fen Yan, Deyong Duan, Jinzhu Meng, et al.",Genes,2025,41010052,https://pubmed.ncbi.nlm.nih.gov/41010052/
"Cheng, Terri, MD",Cheng,Terri,Probing Gluon Fluctuations in Nuclei with the First Energy-Dependent Measurement of Incoherent J/ψ Photoproduction in Ultraperipheral PbPb Collisions.,"V Chekhovsky, A Hayrapetyan, V Makarenko, et al.",Physical review letters,2025,41004769,https://pubmed.ncbi.nlm.nih.gov/41004769/
"Cheng, Terri, MD",Cheng,Terri,Capacitive Biosensing of Skin Irritants Using a Lanolin-Based Artificial Stratum Corneum Model.,"Chung-Ting Cheng, Yi Kung, Hung-Yu Chen, et al.",Biosensors,2025,41002304,https://pubmed.ncbi.nlm.nih.gov/41002304/
"Cheng, Terri, MD",Cheng,Terri,Association of Body Composition With Tumor Proteomics and Survival in Patients With Clear Cell Renal Cell Carcinoma.,"Cuthbert Mario Mahenge, Rand Talal Akasheh, Xuan Nguyen, et al.",medRxiv : the preprint server for health sciences,2025,41001484,https://pubmed.ncbi.nlm.nih.gov/41001484/
"Cheng, Terri, MD",Cheng,Terri,Clinical internship curriculum systems: a comparative analysis on the 4C/ID perspective.,"Tian Cheng, Yunfeng Han, Wenqing Yuan, et al.",BMC medical education,2025,40999391,https://pubmed.ncbi.nlm.nih.gov/40999391/
"Cheng, Terri, MD",Cheng,Terri,Prognostic accuracy of end-tidal carbon dioxide in cardiac arrest: a systematic review and meta-analysis.,"Yi-Chih Lee, Yu-Tai Lo, Chen-Bin Chen, et al.",Emergency medicine journal : EMJ,2025,40987546,https://pubmed.ncbi.nlm.nih.gov/40987546/
"Cheng, Terri, MD",Cheng,Terri,High-symmetry gradient-doped 0.17-0.38-0.17 at% Nd:YAG laser crystal for dual-end pumping configurations.,"Renqin Dou, Lei Huang, Shengjie Ma, et al.",Optics express,2025,40984199,https://pubmed.ncbi.nlm.nih.gov/40984199/
